Ask Slashdot: Best Drone For $100-$150?,http://rss.slashdot.org/~r/Slashdot/slashdot/~3/2GFRAJK6KTU/story01.htm,"andyring writes With Christmas fast approaching, and me being notoriously hard to buy for, I thought a camera drone would be great to suggest for Christmas. But the options are dizzying, and it's nearly impossible to find something and know it'll be decent. What are Slashdotters suggestions/recommendations/experiences with a basic camera drone in the $100-150 range? Looks like all of them do video but I'm more interested in high-res stills although that may be a moot point.<p><div class=""share_submission"" style=""position:relative;""> <a class=""slashpop"" href=""http://twitter.com/home?status=Ask+Slashdot%3A+Best+Drone+For+%24100-%24150%3F%3A+http%3A%2F%2Fbit.ly%2F1twOCHb""><img src=""http://a.fsdn.com/sd/twitter_icon_large.png""></a> <a class=""slashpop"" href=""http://www.facebook.com/sharer.php?u=http%3A%2F%2Fask.slashdot.org%2Fstory%2F14%2F11%2F27%2F2232211%2Fask-slashdot-best-drone-for-100-150%3Futm_source%3Dslashdot%26utm_medium%3Dfacebook""><img src=""http://a.fsdn.com/sd/facebook_icon_large.png""></a> <a class=""nobg"" href=""http://plus.google.com/share?url=http://ask.slashdot.org/story/14/11/27/2232211/ask-slashdot-best-drone-for-100-150?utm_source=slashdot&amp;utm_medium=googleplus"" onclick=""javascript:window.open(this.href,'', 'menubar=no,toolbar=no,resizable=yes,scrollbars=yes,height=600,width=600');return false;""><img src=""http://www.gstatic.com/images/icons/gplus-16.png"" alt=""Share on Google+""/></a> </div></p><p><a href=""http://ask.slashdot.org/story/14/11/27/2232211/ask-slashdot-best-drone-for-100-150?utm_source=rss1.0moreanon&amp;utm_medium=feed"">Read more of this story</a> at Slashdot.</p><iframe src=""http://slashdot.org/slashdot-it.pl?op=discuss&amp;id=6211967&amp;smallembed=1"" style=""height: 300px; width: 100%; border: none;""></iframe><img width='1' height='1' src='http://slashdot.feedsportal.com/c/35028/f/647410/s/40ea991b/sc/36/mf.gif' border='0'/><br clear='all'/><br/><br/><a href=""http://da.feedsportal.com/r/214612202964/u/0/f/647410/c/35028/s/40ea991b/sc/36/rc/1/rc.htm"" rel=""nofollow""><img src=""http://da.feedsportal.com/r/214612202964/u/0/f/647410/c/35028/s/40ea991b/sc/36/rc/1/rc.img"" border=""0""/></a><br/><a href=""http://da.feedsportal.com/r/214612202964/u/0/f/647410/c/35028/s/40ea991b/sc/36/rc/2/rc.htm"" rel=""nofollow""><img src=""http://da.feedsportal.com/r/214612202964/u/0/f/647410/c/35028/s/40ea991b/sc/36/rc/2/rc.img"" border=""0""/></a><br/><a href=""http://da.feedsportal.com/r/214612202964/u/0/f/647410/c/35028/s/40ea991b/sc/36/rc/3/rc.htm"" rel=""nofollow""><img src=""http://da.feedsportal.com/r/214612202964/u/0/f/647410/c/35028/s/40ea991b/sc/36/rc/3/rc.img"" border=""0""/></a><br/><br/><a href=""http://da.feedsportal.com/r/214612202964/u/0/f/647410/c/35028/s/40ea991b/sc/36/a2.htm""><img src=""http://da.feedsportal.com/r/214612202964/u/0/f/647410/c/35028/s/40ea991b/sc/36/a2.img"" border=""0""/></a><img width=""1"" height=""1"" src=""http://pi.feedsportal.com/r/214612202964/u/0/f/647410/c/35028/s/40ea991b/sc/36/a2t.img"" border=""0""/><img src=""http://feeds.feedburner.com/~r/Slashdot/slashdot/~4/2GFRAJK6KTU"" height=""1"" width=""1""/>"
Ask Slashdot: Objective C Vs. Swift For a New iOS Developer?,http://rss.slashdot.org/~r/Slashdot/slashdot/~3/_mmECbjoscY/story01.htm,"RegularDave writes: I'm a recent grad from a master's program in a potentially worthless social science field, and I've considered getting into iOS development. Several of my friends who were in similar situations after grad school have done so and are making a healthy living getting contract work. Although they had CS and Physics degrees going into iOS, neither had worked in objective C and both essentially went through a crash courses (either self-taught or through intensive classes) in order to get their first gigs. I have two questions. First, am I an idiot for thinking I can teach myself either objective C or Swift on my own without any academic CS background (I've tinkered in HTML, CSS, and C classes online with some success)? Second, if I'm not an idiot for attempting to learn either language, which should I concentrate on?<p><div class=""share_submission"" style=""position:relative;""> <a class=""slashpop"" href=""http://twitter.com/home?status=Ask+Slashdot%3A+Objective+C+Vs.+Swift+For+a+New+iOS+Developer%3F%3A+http%3A%2F%2Fbit.ly%2F1px7CtM""><img src=""http://a.fsdn.com/sd/twitter_icon_large.png""></a> <a class=""slashpop"" href=""http://www.facebook.com/sharer.php?u=http%3A%2F%2Fask.slashdot.org%2Fstory%2F14%2F11%2F28%2F2148254%2Fask-slashdot-objective-c-vs-swift-for-a-new-ios-developer%3Futm_source%3Dslashdot%26utm_medium%3Dfacebook""><img src=""http://a.fsdn.com/sd/facebook_icon_large.png""></a> <a class=""nobg"" href=""http://plus.google.com/share?url=http://ask.slashdot.org/story/14/11/28/2148254/ask-slashdot-objective-c-vs-swift-for-a-new-ios-developer?utm_source=slashdot&amp;utm_medium=googleplus"" onclick=""javascript:window.open(this.href,'', 'menubar=no,toolbar=no,resizable=yes,scrollbars=yes,height=600,width=600');return false;""><img src=""http://www.gstatic.com/images/icons/gplus-16.png"" alt=""Share on Google+""/></a> </div></p><p><a href=""http://ask.slashdot.org/story/14/11/28/2148254/ask-slashdot-objective-c-vs-swift-for-a-new-ios-developer?utm_source=rss1.0moreanon&amp;utm_medium=feed"">Read more of this story</a> at Slashdot.</p><iframe src=""http://slashdot.org/slashdot-it.pl?op=discuss&amp;id=6226417&amp;smallembed=1"" style=""height: 300px; width: 100%; border: none;""></iframe><img width='1' height='1' src='http://slashdot.feedsportal.com/c/35028/f/647410/s/40f2081b/sc/4/mf.gif' border='0'/><br clear='all'/><br/><br/><a href=""http://da.feedsportal.com/r/214612198960/u/0/f/647410/c/35028/s/40f2081b/sc/4/rc/1/rc.htm"" rel=""nofollow""><img src=""http://da.feedsportal.com/r/214612198960/u/0/f/647410/c/35028/s/40f2081b/sc/4/rc/1/rc.img"" border=""0""/></a><br/><a href=""http://da.feedsportal.com/r/214612198960/u/0/f/647410/c/35028/s/40f2081b/sc/4/rc/2/rc.htm"" rel=""nofollow""><img src=""http://da.feedsportal.com/r/214612198960/u/0/f/647410/c/35028/s/40f2081b/sc/4/rc/2/rc.img"" border=""0""/></a><br/><a href=""http://da.feedsportal.com/r/214612198960/u/0/f/647410/c/35028/s/40f2081b/sc/4/rc/3/rc.htm"" rel=""nofollow""><img src=""http://da.feedsportal.com/r/214612198960/u/0/f/647410/c/35028/s/40f2081b/sc/4/rc/3/rc.img"" border=""0""/></a><br/><br/><a href=""http://da.feedsportal.com/r/214612198960/u/0/f/647410/c/35028/s/40f2081b/sc/4/a2.htm""><img src=""http://da.feedsportal.com/r/214612198960/u/0/f/647410/c/35028/s/40f2081b/sc/4/a2.img"" border=""0""/></a><img width=""1"" height=""1"" src=""http://pi.feedsportal.com/r/214612198960/u/0/f/647410/c/35028/s/40f2081b/sc/4/a2t.img"" border=""0""/><img src=""http://feeds.feedburner.com/~r/Slashdot/slashdot/~4/_mmECbjoscY"" height=""1"" width=""1""/>"
Australia out of step with new climate momentum (The Arizona Republic),http://news.feedzilla.com/en_us/stories/science/409133755?client_source=api&format=json,"CANBERRA, Australia (AP) -- Australian Prime Minister Tony Abbott, who rose to
power in large part by opposing a tax on greenhouse gas emissions, is finding
his country isolated like never before on climate change as the U.S., China
and other nations signal new momentum for action....

"
Book Review: The Lost Elements (Scientific American),http://news.feedzilla.com/en_us/stories/science/409149517?client_source=api&format=json,"Books and recommendations from Scientific American


-- Read more on ScientificAmerican.com

"
Cheap Templates For Solar Cells Now On Blu-Ray (pubs.acs),http://news.feedzilla.com/en_us/stories/science/409087990?client_source=api&format=json,"Nanofabrication: Structures patterned by Blu-ray discs could boost the
efficiency of photovoltaic devices

"
Citizen scientists make a difference (Duke),http://news.feedzilla.com/en_us/stories/science/409080370?client_source=api&format=json,"

"
DNA Can Survive Reentry from Space (Scientific American),http://news.feedzilla.com/en_us/stories/science/409087878?client_source=api&format=json,"Genetic blueprints attached to a rocket survived a short spaceflight and later
passed on their biological instructions


-- Read more on ScientificAmerican.com

"
Debian Forked Over Systemd,http://rss.slashdot.org/~r/Slashdot/slashdot/~3/7ePaJIxITDU/story01.htm,"jaromil writes: The so called ""Veteran Unix Admin"" collective has announced that the fork of Debian will proceed as a result of the recent systemd controversy. The reasons put forward are not just technical; included is a letter of endorsement by Debian Developer Roger Leigh mentioning that ""people rely on Debian for their jobs and businesses, their research and their hobbies. It's not a playground for such radical experimentation."" The fork is called ""Devuan,"" pronounced ""DevOne."" The official website has more information.<p><div class=""share_submission"" style=""position:relative;""> <a class=""slashpop"" href=""http://twitter.com/home?status=Debian+Forked+Over+Systemd%3A+http%3A%2F%2Fbit.ly%2F1FCmRWc""><img src=""http://a.fsdn.com/sd/twitter_icon_large.png""></a> <a class=""slashpop"" href=""http://www.facebook.com/sharer.php?u=http%3A%2F%2Flinux.slashdot.org%2Fstory%2F14%2F11%2F28%2F1846259%2Fdebian-forked-over-systemd%3Futm_source%3Dslashdot%26utm_medium%3Dfacebook""><img src=""http://a.fsdn.com/sd/facebook_icon_large.png""></a> <a class=""nobg"" href=""http://plus.google.com/share?url=http://linux.slashdot.org/story/14/11/28/1846259/debian-forked-over-systemd?utm_source=slashdot&amp;utm_medium=googleplus"" onclick=""javascript:window.open(this.href,'', 'menubar=no,toolbar=no,resizable=yes,scrollbars=yes,height=600,width=600');return false;""><img src=""http://www.gstatic.com/images/icons/gplus-16.png"" alt=""Share on Google+""/></a> </div></p><p><a href=""http://linux.slashdot.org/story/14/11/28/1846259/debian-forked-over-systemd?utm_source=rss1.0moreanon&amp;utm_medium=feed"">Read more of this story</a> at Slashdot.</p><iframe src=""http://slashdot.org/slashdot-it.pl?op=discuss&amp;id=6224513&amp;smallembed=1"" style=""height: 300px; width: 100%; border: none;""></iframe><img width='1' height='1' src='http://slashdot.feedsportal.com/c/35028/f/647410/s/40f167ed/sc/21/mf.gif' border='0'/><br clear='all'/><br/><br/><a href=""http://da.feedsportal.com/r/214612196028/u/0/f/647410/c/35028/s/40f167ed/sc/21/rc/1/rc.htm"" rel=""nofollow""><img src=""http://da.feedsportal.com/r/214612196028/u/0/f/647410/c/35028/s/40f167ed/sc/21/rc/1/rc.img"" border=""0""/></a><br/><a href=""http://da.feedsportal.com/r/214612196028/u/0/f/647410/c/35028/s/40f167ed/sc/21/rc/2/rc.htm"" rel=""nofollow""><img src=""http://da.feedsportal.com/r/214612196028/u/0/f/647410/c/35028/s/40f167ed/sc/21/rc/2/rc.img"" border=""0""/></a><br/><a href=""http://da.feedsportal.com/r/214612196028/u/0/f/647410/c/35028/s/40f167ed/sc/21/rc/3/rc.htm"" rel=""nofollow""><img src=""http://da.feedsportal.com/r/214612196028/u/0/f/647410/c/35028/s/40f167ed/sc/21/rc/3/rc.img"" border=""0""/></a><br/><br/><a href=""http://da.feedsportal.com/r/214612196028/u/0/f/647410/c/35028/s/40f167ed/sc/21/a2.htm""><img src=""http://da.feedsportal.com/r/214612196028/u/0/f/647410/c/35028/s/40f167ed/sc/21/a2.img"" border=""0""/></a><img width=""1"" height=""1"" src=""http://pi.feedsportal.com/r/214612196028/u/0/f/647410/c/35028/s/40f167ed/sc/21/a2t.img"" border=""0""/><img src=""http://feeds.feedburner.com/~r/Slashdot/slashdot/~4/7ePaJIxITDU"" height=""1"" width=""1""/>"
Delaying Death: Mercury Spacecraft Firing Engines To Stay Up Until 2015 (Universe Today),http://news.feedzilla.com/en_us/stories/science/409149777?client_source=api&format=json,"Don't take these spectacular Mercury images (below the jump) for granted.
Three weeks ago, NASA's orbiting Mercury spacecraft did an engine fire to
boost its altitude above the hothouse planet. Another one is scheduled for
January. But all this will do is delay the end of the long-running mission --
the first one to orbit […]

"
"Europe's space-based, laser-powered data highway passes early test (reuters)",http://news.feedzilla.com/en_us/stories/science/409152296?client_source=api&format=json,"FRANKFURT (Reuters) - A European satellite beamed images to earth using new
laser-based communications technology on Friday, opening the way for
uninterrupted and near instantaneous viewing of natural disasters being sent
to governments and relief agencies.

"
Exclusive: First Gene Therapy Drug Sets Million-Euro Price Record (bioethicscom),http://news.feedzilla.com/en_us/stories/science/409089234?client_source=api&format=json,"(Reuters) - The Western world's first gene therapy drug is set to go on sale
in Germany with a 1.1 million euro ($1.4 million) price tag, a new record for
a medicine to treat a rare disease. The sky-high cost … Read More

"
First Star War Episode 7 Trailer Released,http://rss.slashdot.org/~r/Slashdot/slashdot/~3/O4LvQEjzQbo/story01.htm,"Midnight Thunder writes: The first trailer for Star Wars Episode VII: The Force Awakens has been released. (YouTube link.) This is the first real opportunity to get a feeling for whether childhood dreams will be crushed or Disney, with the help of JJ Abrams, will be able to breath new life into the story without making it feel like a merchandising excuse.<p><div class=""share_submission"" style=""position:relative;""> <a class=""slashpop"" href=""http://twitter.com/home?status=First+Star+War+Episode+7+Trailer+Released%3A+http%3A%2F%2Fbit.ly%2F1tynjMP""><img src=""http://a.fsdn.com/sd/twitter_icon_large.png""></a> <a class=""slashpop"" href=""http://www.facebook.com/sharer.php?u=http%3A%2F%2Fentertainment.slashdot.org%2Fstory%2F14%2F11%2F28%2F1733201%2Ffirst-star-war-episode-7-trailer-released%3Futm_source%3Dslashdot%26utm_medium%3Dfacebook""><img src=""http://a.fsdn.com/sd/facebook_icon_large.png""></a> <a class=""nobg"" href=""http://plus.google.com/share?url=http://entertainment.slashdot.org/story/14/11/28/1733201/first-star-war-episode-7-trailer-released?utm_source=slashdot&amp;utm_medium=googleplus"" onclick=""javascript:window.open(this.href,'', 'menubar=no,toolbar=no,resizable=yes,scrollbars=yes,height=600,width=600');return false;""><img src=""http://www.gstatic.com/images/icons/gplus-16.png"" alt=""Share on Google+""/></a> </div></p><p><a href=""http://entertainment.slashdot.org/story/14/11/28/1733201/first-star-war-episode-7-trailer-released?utm_source=rss1.0moreanon&amp;utm_medium=feed"">Read more of this story</a> at Slashdot.</p><iframe src=""http://slashdot.org/slashdot-it.pl?op=discuss&amp;id=6223287&amp;smallembed=1"" style=""height: 300px; width: 100%; border: none;""></iframe><img width='1' height='1' src='http://slashdot.feedsportal.com/c/35028/f/647410/s/40f06485/sc/17/mf.gif' border='0'/><br clear='all'/><br/><br/><a href=""http://da.feedsportal.com/r/214612231408/u/0/f/647410/c/35028/s/40f06485/sc/17/rc/1/rc.htm"" rel=""nofollow""><img src=""http://da.feedsportal.com/r/214612231408/u/0/f/647410/c/35028/s/40f06485/sc/17/rc/1/rc.img"" border=""0""/></a><br/><a href=""http://da.feedsportal.com/r/214612231408/u/0/f/647410/c/35028/s/40f06485/sc/17/rc/2/rc.htm"" rel=""nofollow""><img src=""http://da.feedsportal.com/r/214612231408/u/0/f/647410/c/35028/s/40f06485/sc/17/rc/2/rc.img"" border=""0""/></a><br/><a href=""http://da.feedsportal.com/r/214612231408/u/0/f/647410/c/35028/s/40f06485/sc/17/rc/3/rc.htm"" rel=""nofollow""><img src=""http://da.feedsportal.com/r/214612231408/u/0/f/647410/c/35028/s/40f06485/sc/17/rc/3/rc.img"" border=""0""/></a><br/><br/><a href=""http://da.feedsportal.com/r/214612231408/u/0/f/647410/c/35028/s/40f06485/sc/17/a2.htm""><img src=""http://da.feedsportal.com/r/214612231408/u/0/f/647410/c/35028/s/40f06485/sc/17/a2.img"" border=""0""/></a><img width=""1"" height=""1"" src=""http://pi.feedsportal.com/r/214612231408/u/0/f/647410/c/35028/s/40f06485/sc/17/a2t.img"" border=""0""/><img src=""http://feeds.feedburner.com/~r/Slashdot/slashdot/~4/O4LvQEjzQbo"" height=""1"" width=""1""/>"
"For Disguise, Female Squid Turn On Fake Testes (Discover Magazine)",http://news.feedzilla.com/en_us/stories/science/409108928?client_source=api&format=json,"Did you know this week is International Cephalopod Awareness Days? I'll assume
your gifts are in the mail. Today is dedicated to squid, and you can't have
total cephalopod awareness without discussing fake squid testes. This post was
first published in September 2013. The best way to stay out of trouble, if
you're a shimmery, color-changing little squid, might be to paint on some
pretend testes. Scientists have found that certain female squid can switch on
and off a body pattern that make

"
France Wants To Get Rid of Diesel Fuel,http://rss.slashdot.org/~r/Slashdot/slashdot/~3/QKFDlBKSUXs/story01.htm,"mrspoonsi sends this Reuters report: France wants to gradually phase out the use of diesel fuel for private passenger transport and will put in place a system to identify the most polluting vehicles, Prime Minister Manuel Valls said on Friday. Next year, the government will launch a car identification system that will rank vehicles by the amount of pollution they emit, Valls said in a speech. This will make it possible for local authorities to limit city access for the dirtiest cars. ""In France, we have long favoured the diesel engine. This was a mistake, and we will progressively undo that, intelligently and pragmatically,"" Valls said. About 80 percent of French motorists drive diesel-powered cars. Valls said taxation would have to orient citizens towards more ecological choices, notably the 2015 state budget measures to reduce the tax advantage of diesel fuel versus gas.<p><div class=""share_submission"" style=""position:relative;""> <a class=""slashpop"" href=""http://twitter.com/home?status=France+Wants+To+Get+Rid+of+Diesel+Fuel%3A+http%3A%2F%2Fbit.ly%2F1xSUPj8""><img src=""http://a.fsdn.com/sd/twitter_icon_large.png""></a> <a class=""slashpop"" href=""http://www.facebook.com/sharer.php?u=http%3A%2F%2Fnews.slashdot.org%2Fstory%2F14%2F11%2F28%2F2114202%2Ffrance-wants-to-get-rid-of-diesel-fuel%3Futm_source%3Dslashdot%26utm_medium%3Dfacebook""><img src=""http://a.fsdn.com/sd/facebook_icon_large.png""></a> <a class=""nobg"" href=""http://plus.google.com/share?url=http://news.slashdot.org/story/14/11/28/2114202/france-wants-to-get-rid-of-diesel-fuel?utm_source=slashdot&amp;utm_medium=googleplus"" onclick=""javascript:window.open(this.href,'', 'menubar=no,toolbar=no,resizable=yes,scrollbars=yes,height=600,width=600');return false;""><img src=""http://www.gstatic.com/images/icons/gplus-16.png"" alt=""Share on Google+""/></a> </div></p><p><a href=""http://news.slashdot.org/story/14/11/28/2114202/france-wants-to-get-rid-of-diesel-fuel?utm_source=rss1.0moreanon&amp;utm_medium=feed"">Read more of this story</a> at Slashdot.</p><iframe src=""http://slashdot.org/slashdot-it.pl?op=discuss&amp;id=6226101&amp;smallembed=1"" style=""height: 300px; width: 100%; border: none;""></iframe><img width='1' height='1' src='http://slashdot.feedsportal.com/c/35028/f/647410/s/40f176e0/sc/29/mf.gif' border='0'/><br clear='all'/><br/><br/><a href=""http://da.feedsportal.com/r/214612197923/u/0/f/647410/c/35028/s/40f176e0/sc/29/rc/1/rc.htm"" rel=""nofollow""><img src=""http://da.feedsportal.com/r/214612197923/u/0/f/647410/c/35028/s/40f176e0/sc/29/rc/1/rc.img"" border=""0""/></a><br/><a href=""http://da.feedsportal.com/r/214612197923/u/0/f/647410/c/35028/s/40f176e0/sc/29/rc/2/rc.htm"" rel=""nofollow""><img src=""http://da.feedsportal.com/r/214612197923/u/0/f/647410/c/35028/s/40f176e0/sc/29/rc/2/rc.img"" border=""0""/></a><br/><a href=""http://da.feedsportal.com/r/214612197923/u/0/f/647410/c/35028/s/40f176e0/sc/29/rc/3/rc.htm"" rel=""nofollow""><img src=""http://da.feedsportal.com/r/214612197923/u/0/f/647410/c/35028/s/40f176e0/sc/29/rc/3/rc.img"" border=""0""/></a><br/><br/><a href=""http://da.feedsportal.com/r/214612197923/u/0/f/647410/c/35028/s/40f176e0/sc/29/a2.htm""><img src=""http://da.feedsportal.com/r/214612197923/u/0/f/647410/c/35028/s/40f176e0/sc/29/a2.img"" border=""0""/></a><img width=""1"" height=""1"" src=""http://pi.feedsportal.com/r/214612197923/u/0/f/647410/c/35028/s/40f176e0/sc/29/a2t.img"" border=""0""/><img src=""http://feeds.feedburner.com/~r/Slashdot/slashdot/~4/QKFDlBKSUXs"" height=""1"" width=""1""/>"
"Google Should Be Broken Up, Say European MPs",http://rss.slashdot.org/~r/Slashdot/slashdot/~3/l0yQFZyLMWA/story01.htm,"An anonymous reader is one of many to send word that the European Parliament has voted 384 to 174 in favor of unbundling search engines from other commercial services in order to ensure competition. ""The European Parliament has voted in favor of breaking Google up, as a solution to complaints that it favors is own services in search results. Politicians have no power to enforce a break-up, but the landmark vote sends a clear message to European regulators to get tough on the net giant. US politicians and trade bodies have voiced their dismay at the vote. The ultimate decision will rest with EU competition commissioner Margrethe Vestager. She has inherited the anti-competitive case lodged by Google's rivals in 2010. Google has around 90% market share for search in Europe. The Commission has never before ordered the break-up of any company, and many believe it is unlikely to do so now. But politicians are desperate to find a solution to the long-running anti-competitive dispute with Google.""<p><div class=""share_submission"" style=""position:relative;""> <a class=""slashpop"" href=""http://twitter.com/home?status=+Google+Should+Be+Broken+Up%2C+Say+European+MPs%3A+http%3A%2F%2Fbit.ly%2F126Witb""><img src=""http://a.fsdn.com/sd/twitter_icon_large.png""></a> <a class=""slashpop"" href=""http://www.facebook.com/sharer.php?u=http%3A%2F%2Ftech.slashdot.org%2Fstory%2F14%2F11%2F27%2F2229201%2Fgoogle-should-be-broken-up-say-european-mps%3Futm_source%3Dslashdot%26utm_medium%3Dfacebook""><img src=""http://a.fsdn.com/sd/facebook_icon_large.png""></a> <a class=""nobg"" href=""http://plus.google.com/share?url=http://tech.slashdot.org/story/14/11/27/2229201/google-should-be-broken-up-say-european-mps?utm_source=slashdot&amp;utm_medium=googleplus"" onclick=""javascript:window.open(this.href,'', 'menubar=no,toolbar=no,resizable=yes,scrollbars=yes,height=600,width=600');return false;""><img src=""http://www.gstatic.com/images/icons/gplus-16.png"" alt=""Share on Google+""/></a> </div></p><p><a href=""http://tech.slashdot.org/story/14/11/27/2229201/google-should-be-broken-up-say-european-mps?utm_source=rss1.0moreanon&amp;utm_medium=feed"">Read more of this story</a> at Slashdot.</p><iframe src=""http://slashdot.org/slashdot-it.pl?op=discuss&amp;id=6211961&amp;smallembed=1"" style=""height: 300px; width: 100%; border: none;""></iframe><img width='1' height='1' src='http://slashdot.feedsportal.com/c/35028/f/647410/s/40e9dc5c/sc/21/mf.gif' border='0'/><br clear='all'/><br/><br/><a href=""http://da.feedsportal.com/r/214612198210/u/0/f/647410/c/35028/s/40e9dc5c/sc/21/rc/1/rc.htm"" rel=""nofollow""><img src=""http://da.feedsportal.com/r/214612198210/u/0/f/647410/c/35028/s/40e9dc5c/sc/21/rc/1/rc.img"" border=""0""/></a><br/><a href=""http://da.feedsportal.com/r/214612198210/u/0/f/647410/c/35028/s/40e9dc5c/sc/21/rc/2/rc.htm"" rel=""nofollow""><img src=""http://da.feedsportal.com/r/214612198210/u/0/f/647410/c/35028/s/40e9dc5c/sc/21/rc/2/rc.img"" border=""0""/></a><br/><a href=""http://da.feedsportal.com/r/214612198210/u/0/f/647410/c/35028/s/40e9dc5c/sc/21/rc/3/rc.htm"" rel=""nofollow""><img src=""http://da.feedsportal.com/r/214612198210/u/0/f/647410/c/35028/s/40e9dc5c/sc/21/rc/3/rc.img"" border=""0""/></a><br/><br/><a href=""http://da.feedsportal.com/r/214612198210/u/0/f/647410/c/35028/s/40e9dc5c/sc/21/a2.htm""><img src=""http://da.feedsportal.com/r/214612198210/u/0/f/647410/c/35028/s/40e9dc5c/sc/21/a2.img"" border=""0""/></a><img width=""1"" height=""1"" src=""http://pi.feedsportal.com/r/214612198210/u/0/f/647410/c/35028/s/40e9dc5c/sc/21/a2t.img"" border=""0""/><img src=""http://feeds.feedburner.com/~r/Slashdot/slashdot/~4/l0yQFZyLMWA"" height=""1"" width=""1""/>"
How to know if your dog understands you (APN),http://news.feedzilla.com/en_us/stories/science/409120192?client_source=api&format=json,"If you are worried that your dog is not paying attention to what you are
saying, simply look at where is he is staring.Dogs look to the right when they
recognise familiar commands because they process the sound in a specific
part...

"
"Intel Core M Notebooks Arrive, Lenovo Yoga 3 Pro Tested",http://rss.slashdot.org/~r/Slashdot/slashdot/~3/HCx1Cy4EU0k/story01.htm,"MojoKid writes: Intel's 14nm Core M Broadwell architecture was announced a few months ago but to date, 2-in-1 hybrid devices and laptops have only trickled out to the market. Lenovo recently took the wraps off their Yoga 3 Pro 13-inch ultralight notebook and it's one of the few devices on the market right now that offers a glimpse of what Intel's Core M processor is capable of in performance and battery life testing. The 4.5 Watt TDP Core M 5Y70 actually keeps pace with 15-Watt previous generation Core i5 mobile chips in testing, but with significantly better battery life. It also enables very thin and light designs like the 2.6 pound Yoga 3 Pro, which is an interesting machine. Its watchband hinge allows it to contort into various positions for tablet, tent, stand and standard modes. The hinge is a ""you love it or hate it"" kind of thing, but does come with a 3200x1800 IPS display.<p><div class=""share_submission"" style=""position:relative;""> <a class=""slashpop"" href=""http://twitter.com/home?status=Intel+Core+M+Notebooks+Arrive%2C+Lenovo+Yoga+3+Pro+Tested%3A+http%3A%2F%2Fbit.ly%2F123hvoJ""><img src=""http://a.fsdn.com/sd/twitter_icon_large.png""></a> <a class=""slashpop"" href=""http://www.facebook.com/sharer.php?u=http%3A%2F%2Fmobile.slashdot.org%2Fstory%2F14%2F11%2F28%2F1534232%2Fintel-core-m-notebooks-arrive-lenovo-yoga-3-pro-tested%3Futm_source%3Dslashdot%26utm_medium%3Dfacebook""><img src=""http://a.fsdn.com/sd/facebook_icon_large.png""></a> <a class=""nobg"" href=""http://plus.google.com/share?url=http://mobile.slashdot.org/story/14/11/28/1534232/intel-core-m-notebooks-arrive-lenovo-yoga-3-pro-tested?utm_source=slashdot&amp;utm_medium=googleplus"" onclick=""javascript:window.open(this.href,'', 'menubar=no,toolbar=no,resizable=yes,scrollbars=yes,height=600,width=600');return false;""><img src=""http://www.gstatic.com/images/icons/gplus-16.png"" alt=""Share on Google+""/></a> </div></p><p><a href=""http://mobile.slashdot.org/story/14/11/28/1534232/intel-core-m-notebooks-arrive-lenovo-yoga-3-pro-tested?utm_source=rss1.0moreanon&amp;utm_medium=feed"">Read more of this story</a> at Slashdot.</p><iframe src=""http://slashdot.org/slashdot-it.pl?op=discuss&amp;id=6222079&amp;smallembed=1"" style=""height: 300px; width: 100%; border: none;""></iframe><img width='1' height='1' src='http://slashdot.feedsportal.com/c/35028/f/647410/s/40f10db9/sc/28/mf.gif' border='0'/><br clear='all'/><br/><br/><a href=""http://da.feedsportal.com/r/214612232955/u/0/f/647410/c/35028/s/40f10db9/sc/28/rc/1/rc.htm"" rel=""nofollow""><img src=""http://da.feedsportal.com/r/214612232955/u/0/f/647410/c/35028/s/40f10db9/sc/28/rc/1/rc.img"" border=""0""/></a><br/><a href=""http://da.feedsportal.com/r/214612232955/u/0/f/647410/c/35028/s/40f10db9/sc/28/rc/2/rc.htm"" rel=""nofollow""><img src=""http://da.feedsportal.com/r/214612232955/u/0/f/647410/c/35028/s/40f10db9/sc/28/rc/2/rc.img"" border=""0""/></a><br/><a href=""http://da.feedsportal.com/r/214612232955/u/0/f/647410/c/35028/s/40f10db9/sc/28/rc/3/rc.htm"" rel=""nofollow""><img src=""http://da.feedsportal.com/r/214612232955/u/0/f/647410/c/35028/s/40f10db9/sc/28/rc/3/rc.img"" border=""0""/></a><br/><br/><a href=""http://da.feedsportal.com/r/214612232955/u/0/f/647410/c/35028/s/40f10db9/sc/28/a2.htm""><img src=""http://da.feedsportal.com/r/214612232955/u/0/f/647410/c/35028/s/40f10db9/sc/28/a2.img"" border=""0""/></a><img width=""1"" height=""1"" src=""http://pi.feedsportal.com/r/214612232955/u/0/f/647410/c/35028/s/40f10db9/sc/28/a2t.img"" border=""0""/><img src=""http://feeds.feedburner.com/~r/Slashdot/slashdot/~4/HCx1Cy4EU0k"" height=""1"" width=""1""/>"
Kim Dotcom Says Legal Fight Has Left Him Broke,http://rss.slashdot.org/~r/Slashdot/slashdot/~3/751bc4SYuik/story01.htm,"mrspoonsi writes Kim Dotcom, the founder of the seized file-sharing site Megaupload, has declared himself ""broke"". The entrepreneur said he had spent $10m (&pound;6.4m) on legal costs since being arrested in New Zealand in 2012 and accused of internet piracy. Mr Dotcom had employed a local law firm to fight the US's attempt to extradite him, but his defence team stepped down a fortnight ago without explaining why. Mr Dotcom said he would now represent himself at a bail hearing on Thursday. He denies charges of racketeering, conspiring to commit copyright infringement and money laundering. He told a conference in London, via a video link, that his lawyers had resigned because he had run out of money. ""The [US authorities] have certainly managed to drain my resources and dehydrate me, and without lawyers I am defenceless,"" he said. ""They used that opportunity to try and get my bail revoked and that's what I'm facing.""<p><div class=""share_submission"" style=""position:relative;""> <a class=""slashpop"" href=""http://twitter.com/home?status=Kim+Dotcom+Says+Legal+Fight+Has+Left+Him+Broke%3A+http%3A%2F%2Fbit.ly%2F1zZsg6I""><img src=""http://a.fsdn.com/sd/twitter_icon_large.png""></a> <a class=""slashpop"" href=""http://www.facebook.com/sharer.php?u=http%3A%2F%2Fyro.slashdot.org%2Fstory%2F14%2F11%2F27%2F2022216%2Fkim-dotcom-says-legal-fight-has-left-him-broke%3Futm_source%3Dslashdot%26utm_medium%3Dfacebook""><img src=""http://a.fsdn.com/sd/facebook_icon_large.png""></a> <a class=""nobg"" href=""http://plus.google.com/share?url=http://yro.slashdot.org/story/14/11/27/2022216/kim-dotcom-says-legal-fight-has-left-him-broke?utm_source=slashdot&amp;utm_medium=googleplus"" onclick=""javascript:window.open(this.href,'', 'menubar=no,toolbar=no,resizable=yes,scrollbars=yes,height=600,width=600');return false;""><img src=""http://www.gstatic.com/images/icons/gplus-16.png"" alt=""Share on Google+""/></a> </div></p><p><a href=""http://yro.slashdot.org/story/14/11/27/2022216/kim-dotcom-says-legal-fight-has-left-him-broke?utm_source=rss1.0moreanon&amp;utm_medium=feed"">Read more of this story</a> at Slashdot.</p><iframe src=""http://slashdot.org/slashdot-it.pl?op=discuss&amp;id=6211479&amp;smallembed=1"" style=""height: 300px; width: 100%; border: none;""></iframe><img width='1' height='1' src='http://slashdot.feedsportal.com/c/35028/f/647410/s/40e9dc5f/sc/8/mf.gif' border='0'/><br clear='all'/><br/><br/><a href=""http://da.feedsportal.com/r/214612198209/u/0/f/647410/c/35028/s/40e9dc5f/sc/8/rc/1/rc.htm"" rel=""nofollow""><img src=""http://da.feedsportal.com/r/214612198209/u/0/f/647410/c/35028/s/40e9dc5f/sc/8/rc/1/rc.img"" border=""0""/></a><br/><a href=""http://da.feedsportal.com/r/214612198209/u/0/f/647410/c/35028/s/40e9dc5f/sc/8/rc/2/rc.htm"" rel=""nofollow""><img src=""http://da.feedsportal.com/r/214612198209/u/0/f/647410/c/35028/s/40e9dc5f/sc/8/rc/2/rc.img"" border=""0""/></a><br/><a href=""http://da.feedsportal.com/r/214612198209/u/0/f/647410/c/35028/s/40e9dc5f/sc/8/rc/3/rc.htm"" rel=""nofollow""><img src=""http://da.feedsportal.com/r/214612198209/u/0/f/647410/c/35028/s/40e9dc5f/sc/8/rc/3/rc.img"" border=""0""/></a><br/><br/><a href=""http://da.feedsportal.com/r/214612198209/u/0/f/647410/c/35028/s/40e9dc5f/sc/8/a2.htm""><img src=""http://da.feedsportal.com/r/214612198209/u/0/f/647410/c/35028/s/40e9dc5f/sc/8/a2.img"" border=""0""/></a><img width=""1"" height=""1"" src=""http://pi.feedsportal.com/r/214612198209/u/0/f/647410/c/35028/s/40e9dc5f/sc/8/a2t.img"" border=""0""/><img src=""http://feeds.feedburner.com/~r/Slashdot/slashdot/~4/751bc4SYuik"" height=""1"" width=""1""/>"
Listening to the world (Physicsworld),http://news.feedzilla.com/en_us/stories/science/409122911?client_source=api&format=json,"Acoustical physicist **Philippe Blondel** sings the praises of _Sonic
Wonderland_, a book dedicated to the science of sound

"
Mathematicians Study Effects of Gerrymandering On 2012 Election,http://rss.slashdot.org/~r/Slashdot/slashdot/~3/saTzPFkBqHc/story01.htm,"HughPickens.com writes Gerrymandering is the practice of establishing a political advantage for a particular party by manipulating district boundaries to concentrate all your opponents' votes in a few districts while keeping your party's supporters as a majority in the remaining districts. For example, in North Carolina in 2012 Republicans ended up winning nine out of 13 congressional seats even though more North Carolinians voted for Democrats than Republicans statewide. Now Jessica Jones reports that researchers at Duke are studying the mathematical explanation for the discrepancy. Mathematicians Jonathan Mattingly and Christy Vaughn created a series of district maps using the same vote totals from 2012, but with different borders. Their work was governed by two principles of redistricting: a federal rule requires each district have roughly the same population and a state rule requires congressional districts to be compact. Using those principles as a guide, they created a mathematical algorithm to randomly redraw the boundaries of the state's 13 congressional districts. ""We just used the actual vote counts from 2012 and just retabulated them under the different districtings,"" says Vaughn. ""If someone voted for a particular candidate in the 2012 election and one of our redrawn maps assigned where they live to a new congressional district, we assumed that they would still vote for the same political party."" The results were startling. After re-running the election 100 times with a randomly drawn nonpartisan map each time, the average simulated election result was 7 or 8 U.S. House seats for the Democrats and 5 or 6 for Republicans. The maximum number of Republican seats that emerged from any of the simulations was eight. The actual outcome of the election &mdash; four Democratic representatives and nine Republicans &ndash; did not occur in any of the simulations. ""If we really want our elections to reflect the will of the people, then I think we have to put in safeguards to protect our democracy so redistrictings don't end up so biased that they essentially fix the elections before they get started,"" says Mattingly. But North Carolina State Senator Bob Rucho is unimpressed. ""I'm saying these maps aren't gerrymandered,"" says Rucho. ""It was a matter of what the candidates actually was able to tell the voters and if the voters agreed with them. Why would you call that uncompetitive?""<p><div class=""share_submission"" style=""position:relative;""> <a class=""slashpop"" href=""http://twitter.com/home?status=Mathematicians+Study+Effects+of+Gerrymandering+On+2012+Election%3A+http%3A%2F%2Fbit.ly%2F1ryFTu5""><img src=""http://a.fsdn.com/sd/twitter_icon_large.png""></a> <a class=""slashpop"" href=""http://www.facebook.com/sharer.php?u=http%3A%2F%2Fpolitics.slashdot.org%2Fstory%2F14%2F11%2F28%2F0338208%2Fmathematicians-study-effects-of-gerrymandering-on-2012-election%3Futm_source%3Dslashdot%26utm_medium%3Dfacebook""><img src=""http://a.fsdn.com/sd/facebook_icon_large.png""></a> <a class=""nobg"" href=""http://plus.google.com/share?url=http://politics.slashdot.org/story/14/11/28/0338208/mathematicians-study-effects-of-gerrymandering-on-2012-election?utm_source=slashdot&amp;utm_medium=googleplus"" onclick=""javascript:window.open(this.href,'', 'menubar=no,toolbar=no,resizable=yes,scrollbars=yes,height=600,width=600');return false;""><img src=""http://www.gstatic.com/images/icons/gplus-16.png"" alt=""Share on Google+""/></a> </div></p><p><a href=""http://politics.slashdot.org/story/14/11/28/0338208/mathematicians-study-effects-of-gerrymandering-on-2012-election?utm_source=rss1.0moreanon&amp;utm_medium=feed"">Read more of this story</a> at Slashdot.</p><iframe src=""http://slashdot.org/slashdot-it.pl?op=discuss&amp;id=6214051&amp;smallembed=1"" style=""height: 300px; width: 100%; border: none;""></iframe><img width='1' height='1' src='http://slashdot.feedsportal.com/c/35028/f/647410/s/40ee1cc2/sc/7/mf.gif' border='0'/><br clear='all'/><br/><br/><a href=""http://da.feedsportal.com/r/214612183433/u/0/f/647410/c/35028/s/40ee1cc2/sc/7/rc/1/rc.htm"" rel=""nofollow""><img src=""http://da.feedsportal.com/r/214612183433/u/0/f/647410/c/35028/s/40ee1cc2/sc/7/rc/1/rc.img"" border=""0""/></a><br/><a href=""http://da.feedsportal.com/r/214612183433/u/0/f/647410/c/35028/s/40ee1cc2/sc/7/rc/2/rc.htm"" rel=""nofollow""><img src=""http://da.feedsportal.com/r/214612183433/u/0/f/647410/c/35028/s/40ee1cc2/sc/7/rc/2/rc.img"" border=""0""/></a><br/><a href=""http://da.feedsportal.com/r/214612183433/u/0/f/647410/c/35028/s/40ee1cc2/sc/7/rc/3/rc.htm"" rel=""nofollow""><img src=""http://da.feedsportal.com/r/214612183433/u/0/f/647410/c/35028/s/40ee1cc2/sc/7/rc/3/rc.img"" border=""0""/></a><br/><br/><a href=""http://da.feedsportal.com/r/214612183433/u/0/f/647410/c/35028/s/40ee1cc2/sc/7/a2.htm""><img src=""http://da.feedsportal.com/r/214612183433/u/0/f/647410/c/35028/s/40ee1cc2/sc/7/a2.img"" border=""0""/></a><img width=""1"" height=""1"" src=""http://pi.feedsportal.com/r/214612183433/u/0/f/647410/c/35028/s/40ee1cc2/sc/7/a2t.img"" border=""0""/><img src=""http://feeds.feedburner.com/~r/Slashdot/slashdot/~4/saTzPFkBqHc"" height=""1"" width=""1""/>"
New Analysis Pushes Back Possible Origin For Antikythera Mechanism,http://rss.slashdot.org/~r/Slashdot/slashdot/~3/1W66oZU1tcM/story01.htm,"We've mentioned several times over the years the Antikythera Mechanism, the astounding early analog computer recovered from a Greek shipwreck in shape good enough to allow modern recreations. The device has been attributed to different Greek mathemeticians and thinkers, such as Archimedes, Hipparchus, and Posidonius, but as reader puddingebola writes, ""Current research suggests its origin may be much earlier, and its working based on Babylonian arithmetical methods rather than Greek Trigonometry, which did not exist at the time. Puddingebola excerpts from the NYT article: Writing this month in the journal Archive for History of Exact Sciences, Dr. Carman and Dr. Evans took a different tack. Starting with the ways the device's eclipse patterns fit Babylonian eclipse records, the two scientists used a process of elimination to reach a conclusion that the ""epoch date,"" or starting point, of the Antikythera Mechanism's calendar was 50 years to a century earlier than had been generally believed.<p><div class=""share_submission"" style=""position:relative;""> <a class=""slashpop"" href=""http://twitter.com/home?status=New+Analysis+Pushes+Back+Possible+Origin+For+Antikythera+Mechanism%3A+http%3A%2F%2Fbit.ly%2F1CqqBvV""><img src=""http://a.fsdn.com/sd/twitter_icon_large.png""></a> <a class=""slashpop"" href=""http://www.facebook.com/sharer.php?u=http%3A%2F%2Fhardware.slashdot.org%2Fstory%2F14%2F11%2F29%2F0051228%2Fnew-analysis-pushes-back-possible-origin-for-antikythera-mechanism%3Futm_source%3Dslashdot%26utm_medium%3Dfacebook""><img src=""http://a.fsdn.com/sd/facebook_icon_large.png""></a> <a class=""nobg"" href=""http://plus.google.com/share?url=http://hardware.slashdot.org/story/14/11/29/0051228/new-analysis-pushes-back-possible-origin-for-antikythera-mechanism?utm_source=slashdot&amp;utm_medium=googleplus"" onclick=""javascript:window.open(this.href,'', 'menubar=no,toolbar=no,resizable=yes,scrollbars=yes,height=600,width=600');return false;""><img src=""http://www.gstatic.com/images/icons/gplus-16.png"" alt=""Share on Google+""/></a> </div></p><p><a href=""http://hardware.slashdot.org/story/14/11/29/0051228/new-analysis-pushes-back-possible-origin-for-antikythera-mechanism?utm_source=rss1.0moreanon&amp;utm_medium=feed"">Read more of this story</a> at Slashdot.</p><iframe src=""http://slashdot.org/slashdot-it.pl?op=discuss&amp;id=6226911&amp;smallembed=1"" style=""height: 300px; width: 100%; border: none;""></iframe><img width='1' height='1' src='http://slashdot.feedsportal.com/c/35028/f/647410/s/40f2803c/sc/4/mf.gif' border='0'/><br clear='all'/><br/><br/><a href=""http://da.feedsportal.com/r/214612201837/u/0/f/647410/c/35028/s/40f2803c/sc/4/rc/1/rc.htm"" rel=""nofollow""><img src=""http://da.feedsportal.com/r/214612201837/u/0/f/647410/c/35028/s/40f2803c/sc/4/rc/1/rc.img"" border=""0""/></a><br/><a href=""http://da.feedsportal.com/r/214612201837/u/0/f/647410/c/35028/s/40f2803c/sc/4/rc/2/rc.htm"" rel=""nofollow""><img src=""http://da.feedsportal.com/r/214612201837/u/0/f/647410/c/35028/s/40f2803c/sc/4/rc/2/rc.img"" border=""0""/></a><br/><a href=""http://da.feedsportal.com/r/214612201837/u/0/f/647410/c/35028/s/40f2803c/sc/4/rc/3/rc.htm"" rel=""nofollow""><img src=""http://da.feedsportal.com/r/214612201837/u/0/f/647410/c/35028/s/40f2803c/sc/4/rc/3/rc.img"" border=""0""/></a><br/><br/><a href=""http://da.feedsportal.com/r/214612201837/u/0/f/647410/c/35028/s/40f2803c/sc/4/a2.htm""><img src=""http://da.feedsportal.com/r/214612201837/u/0/f/647410/c/35028/s/40f2803c/sc/4/a2.img"" border=""0""/></a><img width=""1"" height=""1"" src=""http://pi.feedsportal.com/r/214612201837/u/0/f/647410/c/35028/s/40f2803c/sc/4/a2t.img"" border=""0""/><img src=""http://feeds.feedburner.com/~r/Slashdot/slashdot/~4/1W66oZU1tcM"" height=""1"" width=""1""/>"
Philae May Have Grazed Crater Rim,http://rss.slashdot.org/~r/Slashdot/slashdot/~3/QsZn7WKH4ik/story01.htm,"An anonymous reader writes: The European Space Agency is gradually sorting through the data collected during the brief window Philae was alive and transmitting on the surface of a comet. Analysis of that data has provided another interesting clue about what happened to the probe as it bounced across the comet's surface. According to results from the on-board magnetometer, immediately after the first touchdown, the lander's spin rate increased somewhat. It continued to spin for about 36 minutes until another event dramatically changed its spin rate. This suggests it collided with something, because there was no corresponding vertical deceleration to indicate it had landed once more. Scientists think Philae likely grazed the rim of a crater with one of its landing legs. 65 minutes later, it landed again, and bounced to its final resting place just a few minutes later. The ESA's article has some interesting graphs showing how the data changed as the lander progressed through these different events.<p><div class=""share_submission"" style=""position:relative;""> <a class=""slashpop"" href=""http://twitter.com/home?status=Philae+May+Have+Grazed+Crater+Rim%3A+http%3A%2F%2Fbit.ly%2F1vVxEJX""><img src=""http://a.fsdn.com/sd/twitter_icon_large.png""></a> <a class=""slashpop"" href=""http://www.facebook.com/sharer.php?u=http%3A%2F%2Fscience.slashdot.org%2Fstory%2F14%2F11%2F28%2F163230%2Fphilae-may-have-grazed-crater-rim%3Futm_source%3Dslashdot%26utm_medium%3Dfacebook""><img src=""http://a.fsdn.com/sd/facebook_icon_large.png""></a> <a class=""nobg"" href=""http://plus.google.com/share?url=http://science.slashdot.org/story/14/11/28/163230/philae-may-have-grazed-crater-rim?utm_source=slashdot&amp;utm_medium=googleplus"" onclick=""javascript:window.open(this.href,'', 'menubar=no,toolbar=no,resizable=yes,scrollbars=yes,height=600,width=600');return false;""><img src=""http://www.gstatic.com/images/icons/gplus-16.png"" alt=""Share on Google+""/></a> </div></p><p><a href=""http://science.slashdot.org/story/14/11/28/163230/philae-may-have-grazed-crater-rim?utm_source=rss1.0moreanon&amp;utm_medium=feed"">Read more of this story</a> at Slashdot.</p><iframe src=""http://slashdot.org/slashdot-it.pl?op=discuss&amp;id=6222471&amp;smallembed=1"" style=""height: 300px; width: 100%; border: none;""></iframe><img width='1' height='1' src='http://slashdot.feedsportal.com/c/35028/f/647410/s/40f053a8/sc/22/mf.gif' border='0'/><br clear='all'/><br/><br/><a href=""http://da.feedsportal.com/r/214612229272/u/0/f/647410/c/35028/s/40f053a8/sc/22/rc/1/rc.htm"" rel=""nofollow""><img src=""http://da.feedsportal.com/r/214612229272/u/0/f/647410/c/35028/s/40f053a8/sc/22/rc/1/rc.img"" border=""0""/></a><br/><a href=""http://da.feedsportal.com/r/214612229272/u/0/f/647410/c/35028/s/40f053a8/sc/22/rc/2/rc.htm"" rel=""nofollow""><img src=""http://da.feedsportal.com/r/214612229272/u/0/f/647410/c/35028/s/40f053a8/sc/22/rc/2/rc.img"" border=""0""/></a><br/><a href=""http://da.feedsportal.com/r/214612229272/u/0/f/647410/c/35028/s/40f053a8/sc/22/rc/3/rc.htm"" rel=""nofollow""><img src=""http://da.feedsportal.com/r/214612229272/u/0/f/647410/c/35028/s/40f053a8/sc/22/rc/3/rc.img"" border=""0""/></a><br/><br/><a href=""http://da.feedsportal.com/r/214612229272/u/0/f/647410/c/35028/s/40f053a8/sc/22/a2.htm""><img src=""http://da.feedsportal.com/r/214612229272/u/0/f/647410/c/35028/s/40f053a8/sc/22/a2.img"" border=""0""/></a><img width=""1"" height=""1"" src=""http://pi.feedsportal.com/r/214612229272/u/0/f/647410/c/35028/s/40f053a8/sc/22/a2t.img"" border=""0""/><img src=""http://feeds.feedburner.com/~r/Slashdot/slashdot/~4/QsZn7WKH4ik"" height=""1"" width=""1""/>"
Renewables Are Now Scotland's Biggest Energy Source,http://rss.slashdot.org/~r/Slashdot/slashdot/~3/IsHBHJnOMpc/story01.htm,"AmiMoJo writes Government figures revealed that Scotland is now generating more power from ""clean"" technologies than nuclear, coal and gas. The combination of wind, solar and hydroelectric, along with less-publicized sources such as landfill gas and biomass, produced 10.3TWh in the first half of 2014. Over the same period, Scotland generated 7.8TWh from nuclear, 5.6TWh from coal and 1.4TWh from gas, according to figures supplied by National Grid. Renewable sources tend to fluctuate throughout the year, especially in Scotland where the weather is notoriously volatile, but in six-month chunks the country has consistently increased its renewable output.<p><div class=""share_submission"" style=""position:relative;""> <a class=""slashpop"" href=""http://twitter.com/home?status=Renewables+Are+Now+Scotland's+Biggest+Energy+Source%3A+http%3A%2F%2Fbit.ly%2F1CnorwX""><img src=""http://a.fsdn.com/sd/twitter_icon_large.png""></a> <a class=""slashpop"" href=""http://www.facebook.com/sharer.php?u=http%3A%2F%2Fhardware.slashdot.org%2Fstory%2F14%2F11%2F28%2F0342217%2Frenewables-are-now-scotlands-biggest-energy-source%3Futm_source%3Dslashdot%26utm_medium%3Dfacebook""><img src=""http://a.fsdn.com/sd/facebook_icon_large.png""></a> <a class=""nobg"" href=""http://plus.google.com/share?url=http://hardware.slashdot.org/story/14/11/28/0342217/renewables-are-now-scotlands-biggest-energy-source?utm_source=slashdot&amp;utm_medium=googleplus"" onclick=""javascript:window.open(this.href,'', 'menubar=no,toolbar=no,resizable=yes,scrollbars=yes,height=600,width=600');return false;""><img src=""http://www.gstatic.com/images/icons/gplus-16.png"" alt=""Share on Google+""/></a> </div></p><p><a href=""http://hardware.slashdot.org/story/14/11/28/0342217/renewables-are-now-scotlands-biggest-energy-source?utm_source=rss1.0moreanon&amp;utm_medium=feed"">Read more of this story</a> at Slashdot.</p><iframe src=""http://slashdot.org/slashdot-it.pl?op=discuss&amp;id=6214085&amp;smallembed=1"" style=""height: 300px; width: 100%; border: none;""></iframe><img width='1' height='1' src='http://slashdot.feedsportal.com/c/35028/f/647410/s/40ebdfd4/sc/29/mf.gif' border='0'/><br clear='all'/><br/><br/><a href=""http://da.feedsportal.com/r/214612172283/u/0/f/647410/c/35028/s/40ebdfd4/sc/29/rc/1/rc.htm"" rel=""nofollow""><img src=""http://da.feedsportal.com/r/214612172283/u/0/f/647410/c/35028/s/40ebdfd4/sc/29/rc/1/rc.img"" border=""0""/></a><br/><a href=""http://da.feedsportal.com/r/214612172283/u/0/f/647410/c/35028/s/40ebdfd4/sc/29/rc/2/rc.htm"" rel=""nofollow""><img src=""http://da.feedsportal.com/r/214612172283/u/0/f/647410/c/35028/s/40ebdfd4/sc/29/rc/2/rc.img"" border=""0""/></a><br/><a href=""http://da.feedsportal.com/r/214612172283/u/0/f/647410/c/35028/s/40ebdfd4/sc/29/rc/3/rc.htm"" rel=""nofollow""><img src=""http://da.feedsportal.com/r/214612172283/u/0/f/647410/c/35028/s/40ebdfd4/sc/29/rc/3/rc.img"" border=""0""/></a><br/><br/><a href=""http://da.feedsportal.com/r/214612172283/u/0/f/647410/c/35028/s/40ebdfd4/sc/29/a2.htm""><img src=""http://da.feedsportal.com/r/214612172283/u/0/f/647410/c/35028/s/40ebdfd4/sc/29/a2.img"" border=""0""/></a><img width=""1"" height=""1"" src=""http://pi.feedsportal.com/r/214612172283/u/0/f/647410/c/35028/s/40ebdfd4/sc/29/a2t.img"" border=""0""/><img src=""http://feeds.feedburner.com/~r/Slashdot/slashdot/~4/IsHBHJnOMpc"" height=""1"" width=""1""/>"
"Researchers Discover an ""Off Switch"" For Pain In the Brain",http://rss.slashdot.org/~r/Slashdot/slashdot/~3/I-3zieUb3A8/story01.htm,"concertina226 writes Scientists working together from several international universities have discovered that it is possible to block a pathway in the brain of animals suffering from neuropathic pain, which could have a huge impact on improving pain relief in humans. So far, the most successful ways to treat chronic pain from a pharmacological point of view are to create drugs that that interact or interfere with various channels in the brain to decrease pain, including adrenergic, opioid and calcium receptors. However, there is another way &ndash; a chemical stimulator called adenosine that binds to brain receptors to trigger a biological response. Adenosine has shown potential for killing pain in humans, but so far, no one has managed to harness this pain pathway successfully without causing a myriad of side effects. Led by Dr Daniela Salvemini of SLU, the researchers discovered that by activating the A3 adenosine receptor in the rodents' brains and spinal cords, the receptor was able to prevent or reverse pain from nerve damage (the cause of chronic pain).<p><div class=""share_submission"" style=""position:relative;""> <a class=""slashpop"" href=""http://twitter.com/home?status=Researchers+Discover+an+%22Off+Switch%22+For+Pain+In+the+Brain%3A+http%3A%2F%2Fbit.ly%2F1Cn327a""><img src=""http://a.fsdn.com/sd/twitter_icon_large.png""></a> <a class=""slashpop"" href=""http://www.facebook.com/sharer.php?u=http%3A%2F%2Fscience.slashdot.org%2Fstory%2F14%2F11%2F27%2F2246224%2Fresearchers-discover-an-off-switch-for-pain-in-the-brain%3Futm_source%3Dslashdot%26utm_medium%3Dfacebook""><img src=""http://a.fsdn.com/sd/facebook_icon_large.png""></a> <a class=""nobg"" href=""http://plus.google.com/share?url=http://science.slashdot.org/story/14/11/27/2246224/researchers-discover-an-off-switch-for-pain-in-the-brain?utm_source=slashdot&amp;utm_medium=googleplus"" onclick=""javascript:window.open(this.href,'', 'menubar=no,toolbar=no,resizable=yes,scrollbars=yes,height=600,width=600');return false;""><img src=""http://www.gstatic.com/images/icons/gplus-16.png"" alt=""Share on Google+""/></a> </div></p><p><a href=""http://science.slashdot.org/story/14/11/27/2246224/researchers-discover-an-off-switch-for-pain-in-the-brain?utm_source=rss1.0moreanon&amp;utm_medium=feed"">Read more of this story</a> at Slashdot.</p><iframe src=""http://slashdot.org/slashdot-it.pl?op=discuss&amp;id=6212017&amp;smallembed=1"" style=""height: 300px; width: 100%; border: none;""></iframe><img width='1' height='1' src='http://slashdot.feedsportal.com/c/35028/f/647410/s/40eae51e/sc/14/mf.gif' border='0'/><br clear='all'/><br/><br/><a href=""http://da.feedsportal.com/r/214612187529/u/0/f/647410/c/35028/s/40eae51e/sc/14/rc/1/rc.htm"" rel=""nofollow""><img src=""http://da.feedsportal.com/r/214612187529/u/0/f/647410/c/35028/s/40eae51e/sc/14/rc/1/rc.img"" border=""0""/></a><br/><a href=""http://da.feedsportal.com/r/214612187529/u/0/f/647410/c/35028/s/40eae51e/sc/14/rc/2/rc.htm"" rel=""nofollow""><img src=""http://da.feedsportal.com/r/214612187529/u/0/f/647410/c/35028/s/40eae51e/sc/14/rc/2/rc.img"" border=""0""/></a><br/><a href=""http://da.feedsportal.com/r/214612187529/u/0/f/647410/c/35028/s/40eae51e/sc/14/rc/3/rc.htm"" rel=""nofollow""><img src=""http://da.feedsportal.com/r/214612187529/u/0/f/647410/c/35028/s/40eae51e/sc/14/rc/3/rc.img"" border=""0""/></a><br/><br/><a href=""http://da.feedsportal.com/r/214612187529/u/0/f/647410/c/35028/s/40eae51e/sc/14/a2.htm""><img src=""http://da.feedsportal.com/r/214612187529/u/0/f/647410/c/35028/s/40eae51e/sc/14/a2.img"" border=""0""/></a><img width=""1"" height=""1"" src=""http://pi.feedsportal.com/r/214612187529/u/0/f/647410/c/35028/s/40eae51e/sc/14/a2t.img"" border=""0""/><img src=""http://feeds.feedburner.com/~r/Slashdot/slashdot/~4/I-3zieUb3A8"" height=""1"" width=""1""/>"
"Scientists Develop ""Paint"" To Help Cool the Planet",http://rss.slashdot.org/~r/Slashdot/slashdot/~3/Aii3bcvE1qg/story01.htm,"AaronW writes Engineers at Stanford University have developed an ultrathin, multilayered, nanophotonic material that not only reflects heat away from buildings but also directs internal heat away using a system called ""photonic radiative cooling."" The coating is capable of reflecting away 97% of incoming sunlight and when combined with the photonic radiative cooling system it becomes cooler than the surrounding air by around 9F (5C). The material is designed to radiate heat into space at a precise frequency that allows it to pass through the atmosphere without warming it.<p><div class=""share_submission"" style=""position:relative;""> <a class=""slashpop"" href=""http://twitter.com/home?status=Scientists+Develop+%22Paint%22+To+Help+Cool+the+Planet%3A+http%3A%2F%2Fbit.ly%2F1uZKXam""><img src=""http://a.fsdn.com/sd/twitter_icon_large.png""></a> <a class=""slashpop"" href=""http://www.facebook.com/sharer.php?u=http%3A%2F%2Ftech.slashdot.org%2Fstory%2F14%2F11%2F27%2F2238217%2Fscientists-develop-paint-to-help-cool-the-planet%3Futm_source%3Dslashdot%26utm_medium%3Dfacebook""><img src=""http://a.fsdn.com/sd/facebook_icon_large.png""></a> <a class=""nobg"" href=""http://plus.google.com/share?url=http://tech.slashdot.org/story/14/11/27/2238217/scientists-develop-paint-to-help-cool-the-planet?utm_source=slashdot&amp;utm_medium=googleplus"" onclick=""javascript:window.open(this.href,'', 'menubar=no,toolbar=no,resizable=yes,scrollbars=yes,height=600,width=600');return false;""><img src=""http://www.gstatic.com/images/icons/gplus-16.png"" alt=""Share on Google+""/></a> </div></p><p><a href=""http://tech.slashdot.org/story/14/11/27/2238217/scientists-develop-paint-to-help-cool-the-planet?utm_source=rss1.0moreanon&amp;utm_medium=feed"">Read more of this story</a> at Slashdot.</p><iframe src=""http://slashdot.org/slashdot-it.pl?op=discuss&amp;id=6211991&amp;smallembed=1"" style=""height: 300px; width: 100%; border: none;""></iframe><img width='1' height='1' src='http://slashdot.feedsportal.com/c/35028/f/647410/s/40ea12d3/sc/4/mf.gif' border='0'/><br clear='all'/><br/><br/><a href=""http://da.feedsportal.com/r/214612162397/u/0/f/647410/c/35028/s/40ea12d3/sc/4/rc/1/rc.htm"" rel=""nofollow""><img src=""http://da.feedsportal.com/r/214612162397/u/0/f/647410/c/35028/s/40ea12d3/sc/4/rc/1/rc.img"" border=""0""/></a><br/><a href=""http://da.feedsportal.com/r/214612162397/u/0/f/647410/c/35028/s/40ea12d3/sc/4/rc/2/rc.htm"" rel=""nofollow""><img src=""http://da.feedsportal.com/r/214612162397/u/0/f/647410/c/35028/s/40ea12d3/sc/4/rc/2/rc.img"" border=""0""/></a><br/><a href=""http://da.feedsportal.com/r/214612162397/u/0/f/647410/c/35028/s/40ea12d3/sc/4/rc/3/rc.htm"" rel=""nofollow""><img src=""http://da.feedsportal.com/r/214612162397/u/0/f/647410/c/35028/s/40ea12d3/sc/4/rc/3/rc.img"" border=""0""/></a><br/><br/><a href=""http://da.feedsportal.com/r/214612162397/u/0/f/647410/c/35028/s/40ea12d3/sc/4/a2.htm""><img src=""http://da.feedsportal.com/r/214612162397/u/0/f/647410/c/35028/s/40ea12d3/sc/4/a2.img"" border=""0""/></a><img width=""1"" height=""1"" src=""http://pi.feedsportal.com/r/214612162397/u/0/f/647410/c/35028/s/40ea12d3/sc/4/a2t.img"" border=""0""/><img src=""http://feeds.feedburner.com/~r/Slashdot/slashdot/~4/Aii3bcvE1qg"" height=""1"" width=""1""/>"
Sea levels will rise 30cm around NZ by 2050 - new report (co.nz),http://news.feedzilla.com/en_us/stories/science/409096587?client_source=api&format=json,"Sea levels will rise 30cm around New Zealand by 2050 and threaten coastal
properties and infrastructure in low-lying areas, a new report by Government's
environment watchdog warns.Parliamentary Commissioner for the Environment
Jan...

"
Security Experts Believe the Internet of Things Will Be Used To Kill Someone,http://rss.slashdot.org/~r/Slashdot/slashdot/~3/IRNF5e6KMrw/story01.htm,"dcblogs writes: Imagine a fleet of quad copters or drones equipped with explosives and controlled by terrorists. Or someone who hacks into a connected insulin pump and changes the settings in a lethal way. Or maybe the hacker who accesses a building's furnace and thermostat controls and runs the furnace full bore until a fire is started. Those may all sound like plot material for a James Bond movie, but there are security experts who now believe, as does Jeff Williams, CTO of Contrast Security, that ""the Internet of Things will kill someone"". Today, there is a new ""rush to connect things"" and ""it is leading to very sloppy engineering from a security perspective,"" said Williams. Similarly, Rashmi Knowles, chief security architect at RSA, imagines criminals hacking into medical devices, recently blogged about hackers using pacemakers to blackmail users, and asked: ""Question is, when is the first murder?""<p><div class=""share_submission"" style=""position:relative;""> <a class=""slashpop"" href=""http://twitter.com/home?status=Security+Experts+Believe+the+Internet+of+Things+Will+Be+Used+To+Kill+Someone%3A+http%3A%2F%2Fbit.ly%2F1xZQY7P""><img src=""http://a.fsdn.com/sd/twitter_icon_large.png""></a> <a class=""slashpop"" href=""http://www.facebook.com/sharer.php?u=http%3A%2F%2Ftech.slashdot.org%2Fstory%2F14%2F11%2F28%2F1527241%2Fsecurity-experts-believe-the-internet-of-things-will-be-used-to-kill-someone%3Futm_source%3Dslashdot%26utm_medium%3Dfacebook""><img src=""http://a.fsdn.com/sd/facebook_icon_large.png""></a> <a class=""nobg"" href=""http://plus.google.com/share?url=http://tech.slashdot.org/story/14/11/28/1527241/security-experts-believe-the-internet-of-things-will-be-used-to-kill-someone?utm_source=slashdot&amp;utm_medium=googleplus"" onclick=""javascript:window.open(this.href,'', 'menubar=no,toolbar=no,resizable=yes,scrollbars=yes,height=600,width=600');return false;""><img src=""http://www.gstatic.com/images/icons/gplus-16.png"" alt=""Share on Google+""/></a> </div></p><p><a href=""http://tech.slashdot.org/story/14/11/28/1527241/security-experts-believe-the-internet-of-things-will-be-used-to-kill-someone?utm_source=rss1.0moreanon&amp;utm_medium=feed"">Read more of this story</a> at Slashdot.</p><iframe src=""http://slashdot.org/slashdot-it.pl?op=discuss&amp;id=6221985&amp;smallembed=1"" style=""height: 300px; width: 100%; border: none;""></iframe><img width='1' height='1' src='http://slashdot.feedsportal.com/c/35028/f/647410/s/40ef8e1e/sc/36/mf.gif' border='0'/><br clear='all'/><br/><br/><a href=""http://da.feedsportal.com/r/214612208365/u/0/f/647410/c/35028/s/40ef8e1e/sc/36/rc/1/rc.htm"" rel=""nofollow""><img src=""http://da.feedsportal.com/r/214612208365/u/0/f/647410/c/35028/s/40ef8e1e/sc/36/rc/1/rc.img"" border=""0""/></a><br/><a href=""http://da.feedsportal.com/r/214612208365/u/0/f/647410/c/35028/s/40ef8e1e/sc/36/rc/2/rc.htm"" rel=""nofollow""><img src=""http://da.feedsportal.com/r/214612208365/u/0/f/647410/c/35028/s/40ef8e1e/sc/36/rc/2/rc.img"" border=""0""/></a><br/><a href=""http://da.feedsportal.com/r/214612208365/u/0/f/647410/c/35028/s/40ef8e1e/sc/36/rc/3/rc.htm"" rel=""nofollow""><img src=""http://da.feedsportal.com/r/214612208365/u/0/f/647410/c/35028/s/40ef8e1e/sc/36/rc/3/rc.img"" border=""0""/></a><br/><br/><a href=""http://da.feedsportal.com/r/214612208365/u/0/f/647410/c/35028/s/40ef8e1e/sc/36/a2.htm""><img src=""http://da.feedsportal.com/r/214612208365/u/0/f/647410/c/35028/s/40ef8e1e/sc/36/a2.img"" border=""0""/></a><img width=""1"" height=""1"" src=""http://pi.feedsportal.com/r/214612208365/u/0/f/647410/c/35028/s/40ef8e1e/sc/36/a2t.img"" border=""0""/><img src=""http://feeds.feedburner.com/~r/Slashdot/slashdot/~4/IRNF5e6KMrw"" height=""1"" width=""1""/>"
"Shale: Good For Gas, Oil...and Nuclear Waste Disposal?",http://rss.slashdot.org/~r/Slashdot/slashdot/~3/HpKlup_YyNM/story01.htm,"Lasrick writes: Chris Neuzil is a senior scientist with the National Research Program of the U.S. Geological Survey. He thinks the qualities of shale make it the perfect rock in which to safely and permanently house high-level nuclear waste. Given the recent discovery that water is much more of an issue than originally thought for the tough rock at Yucca Mountain nuclear waste repository in Utah, the unique qualities of shale, along with its ubiquitous presence in the U.S., could make shale rock a better choice for the 70,000 metric tons of commercial spent fuel currently sitting above ground at nuclear power facilities throughout the country. France, Switzerland, and Belgium are all considering repositories in shale, but it hasn't been studied much in the U.S. ""Shale is the only rock type likely to house high-level nuclear waste in other countries that has never been seriously considered by the U.S. high-level waste program. The uncertain future of Yucca Mountain places plans for spent nuclear fuel in the United States at a crossroads. It is an opportunity to include shale in a truly comprehensive examination of disposal options.""<p><div class=""share_submission"" style=""position:relative;""> <a class=""slashpop"" href=""http://twitter.com/home?status=Shale%3A+Good+For+Gas%2C+Oil...and+Nuclear+Waste+Disposal%3F%3A+http%3A%2F%2Fbit.ly%2F1y0PSIX""><img src=""http://a.fsdn.com/sd/twitter_icon_large.png""></a> <a class=""slashpop"" href=""http://www.facebook.com/sharer.php?u=http%3A%2F%2Fhardware.slashdot.org%2Fstory%2F14%2F11%2F28%2F191232%2Fshale-good-for-gas-oiland-nuclear-waste-disposal%3Futm_source%3Dslashdot%26utm_medium%3Dfacebook""><img src=""http://a.fsdn.com/sd/facebook_icon_large.png""></a> <a class=""nobg"" href=""http://plus.google.com/share?url=http://hardware.slashdot.org/story/14/11/28/191232/shale-good-for-gas-oiland-nuclear-waste-disposal?utm_source=slashdot&amp;utm_medium=googleplus"" onclick=""javascript:window.open(this.href,'', 'menubar=no,toolbar=no,resizable=yes,scrollbars=yes,height=600,width=600');return false;""><img src=""http://www.gstatic.com/images/icons/gplus-16.png"" alt=""Share on Google+""/></a> </div></p><p><a href=""http://hardware.slashdot.org/story/14/11/28/191232/shale-good-for-gas-oiland-nuclear-waste-disposal?utm_source=rss1.0moreanon&amp;utm_medium=feed"">Read more of this story</a> at Slashdot.</p><iframe src=""http://slashdot.org/slashdot-it.pl?op=discuss&amp;id=6224655&amp;smallembed=1"" style=""height: 300px; width: 100%; border: none;""></iframe><img width='1' height='1' src='http://slashdot.feedsportal.com/c/35028/f/647410/s/40f1a4dc/sc/1/mf.gif' border='0'/><br clear='all'/><br/><br/><a href=""http://da.feedsportal.com/r/214612194347/u/0/f/647410/c/35028/s/40f1a4dc/sc/1/rc/1/rc.htm"" rel=""nofollow""><img src=""http://da.feedsportal.com/r/214612194347/u/0/f/647410/c/35028/s/40f1a4dc/sc/1/rc/1/rc.img"" border=""0""/></a><br/><a href=""http://da.feedsportal.com/r/214612194347/u/0/f/647410/c/35028/s/40f1a4dc/sc/1/rc/2/rc.htm"" rel=""nofollow""><img src=""http://da.feedsportal.com/r/214612194347/u/0/f/647410/c/35028/s/40f1a4dc/sc/1/rc/2/rc.img"" border=""0""/></a><br/><a href=""http://da.feedsportal.com/r/214612194347/u/0/f/647410/c/35028/s/40f1a4dc/sc/1/rc/3/rc.htm"" rel=""nofollow""><img src=""http://da.feedsportal.com/r/214612194347/u/0/f/647410/c/35028/s/40f1a4dc/sc/1/rc/3/rc.img"" border=""0""/></a><br/><br/><a href=""http://da.feedsportal.com/r/214612194347/u/0/f/647410/c/35028/s/40f1a4dc/sc/1/a2.htm""><img src=""http://da.feedsportal.com/r/214612194347/u/0/f/647410/c/35028/s/40f1a4dc/sc/1/a2.img"" border=""0""/></a><img width=""1"" height=""1"" src=""http://pi.feedsportal.com/r/214612194347/u/0/f/647410/c/35028/s/40f1a4dc/sc/1/a2t.img"" border=""0""/><img src=""http://feeds.feedburner.com/~r/Slashdot/slashdot/~4/HpKlup_YyNM"" height=""1"" width=""1""/>"
Single Pixel Camera Takes Images Through Breast Tissue,http://rss.slashdot.org/~r/Slashdot/slashdot/~3/8D2truicCTk/story01.htm,"KentuckyFC writes Single pixel cameras are currently turning photography on its head. They work by recording lots of exposures of a scene through a randomising media such as frosted glass. Although seemingly random, these exposures are correlated because the light all comes from the same scene. So its possible to number crunch the image data looking for this correlation and then use it to reassemble the original image. Physicists have been using this technique, called ghost imaging, for several years to make high resolution images, 3D photos and even 3D movies. Now one group has replaced the randomising medium with breast tissue from a chicken. They've then used the single pixel technique to take clear pictures of an object hidden inside the breast tissue. The potential for medical imaging is clear. Curiously, this technique has a long history dating back to the 19th century when Victorian doctors would look for testicular cancer by holding a candle behind the scrotum and looking for suspicious shadows. The new technique should be more comfortable.<p><div class=""share_submission"" style=""position:relative;""> <a class=""slashpop"" href=""http://twitter.com/home?status=Single+Pixel+Camera+Takes+Images+Through+Breast+Tissue%3A+http%3A%2F%2Fbit.ly%2F15ItMAs""><img src=""http://a.fsdn.com/sd/twitter_icon_large.png""></a> <a class=""slashpop"" href=""http://www.facebook.com/sharer.php?u=http%3A%2F%2Fscience.slashdot.org%2Fstory%2F14%2F11%2F28%2F2253251%2Fsingle-pixel-camera-takes-images-through-breast-tissue%3Futm_source%3Dslashdot%26utm_medium%3Dfacebook""><img src=""http://a.fsdn.com/sd/facebook_icon_large.png""></a> <a class=""nobg"" href=""http://plus.google.com/share?url=http://science.slashdot.org/story/14/11/28/2253251/single-pixel-camera-takes-images-through-breast-tissue?utm_source=slashdot&amp;utm_medium=googleplus"" onclick=""javascript:window.open(this.href,'', 'menubar=no,toolbar=no,resizable=yes,scrollbars=yes,height=600,width=600');return false;""><img src=""http://www.gstatic.com/images/icons/gplus-16.png"" alt=""Share on Google+""/></a> </div></p><p><a href=""http://science.slashdot.org/story/14/11/28/2253251/single-pixel-camera-takes-images-through-breast-tissue?utm_source=rss1.0moreanon&amp;utm_medium=feed"">Read more of this story</a> at Slashdot.</p><iframe src=""http://slashdot.org/slashdot-it.pl?op=discuss&amp;id=6226639&amp;smallembed=1"" style=""height: 300px; width: 100%; border: none;""></iframe><img width='1' height='1' src='http://slashdot.feedsportal.com/c/35028/f/647410/s/40f20ead/sc/4/mf.gif' border='0'/><br clear='all'/><br/><br/><a href=""http://da.feedsportal.com/r/214612199856/u/0/f/647410/c/35028/s/40f20ead/sc/4/rc/1/rc.htm"" rel=""nofollow""><img src=""http://da.feedsportal.com/r/214612199856/u/0/f/647410/c/35028/s/40f20ead/sc/4/rc/1/rc.img"" border=""0""/></a><br/><a href=""http://da.feedsportal.com/r/214612199856/u/0/f/647410/c/35028/s/40f20ead/sc/4/rc/2/rc.htm"" rel=""nofollow""><img src=""http://da.feedsportal.com/r/214612199856/u/0/f/647410/c/35028/s/40f20ead/sc/4/rc/2/rc.img"" border=""0""/></a><br/><a href=""http://da.feedsportal.com/r/214612199856/u/0/f/647410/c/35028/s/40f20ead/sc/4/rc/3/rc.htm"" rel=""nofollow""><img src=""http://da.feedsportal.com/r/214612199856/u/0/f/647410/c/35028/s/40f20ead/sc/4/rc/3/rc.img"" border=""0""/></a><br/><br/><a href=""http://da.feedsportal.com/r/214612199856/u/0/f/647410/c/35028/s/40f20ead/sc/4/a2.htm""><img src=""http://da.feedsportal.com/r/214612199856/u/0/f/647410/c/35028/s/40f20ead/sc/4/a2.img"" border=""0""/></a><img width=""1"" height=""1"" src=""http://pi.feedsportal.com/r/214612199856/u/0/f/647410/c/35028/s/40f20ead/sc/4/a2t.img"" border=""0""/><img src=""http://feeds.feedburner.com/~r/Slashdot/slashdot/~4/8D2truicCTk"" height=""1"" width=""1""/>"
South America's very many remarkable deer (Scientific American),http://news.feedzilla.com/en_us/stories/science/409081782?client_source=api&format=json,"Deer are strongly associated with Eurasia and North America and less so with
the other regions of the world. In this brief article - part of which is an
excerpt from my 2013 article on the...


-- Read more on ScientificAmerican.com

"
Stem Cells Show Potential for Treating Rare Skin Disease (bioethicscom),http://news.feedzilla.com/en_us/stories/science/409089238?client_source=api&format=json,"(Science) - Researchers have taken several steps toward using stem cells to
treat a rare genetic disease that leaves people with skin so fragile it
blisters at the slightest touch. A trio of lab and animal studies reported
today could … Read More

"
Survival differences seen for advanced-stage laryngeal cancer (Eurekalert),http://news.feedzilla.com/en_us/stories/science/409123960?client_source=api&format=json,"The five-year survival rate for advanced-stage laryngeal cancer was higher
than national levels in a small study at a single academic center performing a
high rate of surgical therapy, including a total laryngectomy, or removal of
the voice box, to treat the disease, despite a national trend toward organ
preservation, according to a report published online by JAMA Otolaryngology-
Head & Neck Surgery.

"
Swiss Scientists Discover DNA Remains Active After Space Journey and Re-entry,http://rss.slashdot.org/~r/Slashdot/slashdot/~3/k-zM2xU8bCk/story01.htm,"Zothecula writes: It may sound like the first chapter of a Quatermass thriller, but scientists from the University of Zurich have discovered that DNA can survive not only a flight through space, but also re-entry into the Earth's atmosphere and still remain active. The findings are based on suborbital rocket flights and could have considerable impact on questions about the origins of life on Earth and the problems of terrestrial space probes contaminating other planets.<p><div class=""share_submission"" style=""position:relative;""> <a class=""slashpop"" href=""http://twitter.com/home?status=Swiss+Scientists+Discover+DNA+Remains+Active+After+Space+Journey+and+Re-entry%3A+http%3A%2F%2Fbit.ly%2F12aVS50""><img src=""http://a.fsdn.com/sd/twitter_icon_large.png""></a> <a class=""slashpop"" href=""http://www.facebook.com/sharer.php?u=http%3A%2F%2Fscience.slashdot.org%2Fstory%2F14%2F11%2F28%2F1513204%2Fswiss-scientists-discover-dna-remains-active-after-space-journey-and-re-entry%3Futm_source%3Dslashdot%26utm_medium%3Dfacebook""><img src=""http://a.fsdn.com/sd/facebook_icon_large.png""></a> <a class=""nobg"" href=""http://plus.google.com/share?url=http://science.slashdot.org/story/14/11/28/1513204/swiss-scientists-discover-dna-remains-active-after-space-journey-and-re-entry?utm_source=slashdot&amp;utm_medium=googleplus"" onclick=""javascript:window.open(this.href,'', 'menubar=no,toolbar=no,resizable=yes,scrollbars=yes,height=600,width=600');return false;""><img src=""http://www.gstatic.com/images/icons/gplus-16.png"" alt=""Share on Google+""/></a> </div></p><p><a href=""http://science.slashdot.org/story/14/11/28/1513204/swiss-scientists-discover-dna-remains-active-after-space-journey-and-re-entry?utm_source=rss1.0moreanon&amp;utm_medium=feed"">Read more of this story</a> at Slashdot.</p><iframe src=""http://slashdot.org/slashdot-it.pl?op=discuss&amp;id=6221805&amp;smallembed=1"" style=""height: 300px; width: 100%; border: none;""></iframe><img width='1' height='1' src='http://slashdot.feedsportal.com/c/35028/f/647410/s/40ef8207/sc/10/mf.gif' border='0'/><br clear='all'/><br/><br/><a href=""http://da.feedsportal.com/r/214612206936/u/0/f/647410/c/35028/s/40ef8207/sc/10/rc/1/rc.htm"" rel=""nofollow""><img src=""http://da.feedsportal.com/r/214612206936/u/0/f/647410/c/35028/s/40ef8207/sc/10/rc/1/rc.img"" border=""0""/></a><br/><a href=""http://da.feedsportal.com/r/214612206936/u/0/f/647410/c/35028/s/40ef8207/sc/10/rc/2/rc.htm"" rel=""nofollow""><img src=""http://da.feedsportal.com/r/214612206936/u/0/f/647410/c/35028/s/40ef8207/sc/10/rc/2/rc.img"" border=""0""/></a><br/><a href=""http://da.feedsportal.com/r/214612206936/u/0/f/647410/c/35028/s/40ef8207/sc/10/rc/3/rc.htm"" rel=""nofollow""><img src=""http://da.feedsportal.com/r/214612206936/u/0/f/647410/c/35028/s/40ef8207/sc/10/rc/3/rc.img"" border=""0""/></a><br/><br/><a href=""http://da.feedsportal.com/r/214612206936/u/0/f/647410/c/35028/s/40ef8207/sc/10/a2.htm""><img src=""http://da.feedsportal.com/r/214612206936/u/0/f/647410/c/35028/s/40ef8207/sc/10/a2.img"" border=""0""/></a><img width=""1"" height=""1"" src=""http://pi.feedsportal.com/r/214612206936/u/0/f/647410/c/35028/s/40ef8207/sc/10/a2t.img"" border=""0""/><img src=""http://feeds.feedburner.com/~r/Slashdot/slashdot/~4/k-zM2xU8bCk"" height=""1"" width=""1""/>"
Ubisoft Apologizes For Assassin's Creed,http://rss.slashdot.org/~r/Slashdot/slashdot/~3/wIaF0272eLk/story01.htm,"BarbaraHudson writes in with the latest in the Assassin's Creed Unity debacle. This time it's good news. ""As an acknowledgment of the botched launch of Assassin's Creed Unity, Ubisoft has offered free additional content to everyone who purchased the title, cancelled the game's season pass and offered a free game to users who purchased the pass. The anticipation for Assassin's Creed Unity was such that the myriad of bugs and technical issues experienced at launch felt like an even greater slap in the face for gamers. In a blog posted yesterday, Yannis Mallat, CEO of Ubisoft Montreal &amp; Toronto said: 'Unfortunately, at launch, the overall quality of the game was diminished by bugs and unexpected technical issues. I want to sincerely apologize on behalf of Ubisoft and the entire Assassin's Creed team. These problems took away from your enjoyment of the game, and kept many of you from experiencing the game at its fullest potential.'""<p><div class=""share_submission"" style=""position:relative;""> <a class=""slashpop"" href=""http://twitter.com/home?status=Ubisoft+Apologizes+For+Assassin's+Creed%3A+http%3A%2F%2Fbit.ly%2F1z1OHHw""><img src=""http://a.fsdn.com/sd/twitter_icon_large.png""></a> <a class=""slashpop"" href=""http://www.facebook.com/sharer.php?u=http%3A%2F%2Fgames.slashdot.org%2Fstory%2F14%2F11%2F28%2F0356245%2Fubisoft-apologizes-for-assassins-creed%3Futm_source%3Dslashdot%26utm_medium%3Dfacebook""><img src=""http://a.fsdn.com/sd/facebook_icon_large.png""></a> <a class=""nobg"" href=""http://plus.google.com/share?url=http://games.slashdot.org/story/14/11/28/0356245/ubisoft-apologizes-for-assassins-creed?utm_source=slashdot&amp;utm_medium=googleplus"" onclick=""javascript:window.open(this.href,'', 'menubar=no,toolbar=no,resizable=yes,scrollbars=yes,height=600,width=600');return false;""><img src=""http://www.gstatic.com/images/icons/gplus-16.png"" alt=""Share on Google+""/></a> </div></p><p><a href=""http://games.slashdot.org/story/14/11/28/0356245/ubisoft-apologizes-for-assassins-creed?utm_source=rss1.0moreanon&amp;utm_medium=feed"">Read more of this story</a> at Slashdot.</p><iframe src=""http://slashdot.org/slashdot-it.pl?op=discuss&amp;id=6214233&amp;smallembed=1"" style=""height: 300px; width: 100%; border: none;""></iframe><img width='1' height='1' src='http://slashdot.feedsportal.com/c/35028/f/647410/s/40ecf092/sc/23/mf.gif' border='0'/><br clear='all'/><br/><br/><a href=""http://da.feedsportal.com/r/214612177454/u/0/f/647410/c/35028/s/40ecf092/sc/23/rc/1/rc.htm"" rel=""nofollow""><img src=""http://da.feedsportal.com/r/214612177454/u/0/f/647410/c/35028/s/40ecf092/sc/23/rc/1/rc.img"" border=""0""/></a><br/><a href=""http://da.feedsportal.com/r/214612177454/u/0/f/647410/c/35028/s/40ecf092/sc/23/rc/2/rc.htm"" rel=""nofollow""><img src=""http://da.feedsportal.com/r/214612177454/u/0/f/647410/c/35028/s/40ecf092/sc/23/rc/2/rc.img"" border=""0""/></a><br/><a href=""http://da.feedsportal.com/r/214612177454/u/0/f/647410/c/35028/s/40ecf092/sc/23/rc/3/rc.htm"" rel=""nofollow""><img src=""http://da.feedsportal.com/r/214612177454/u/0/f/647410/c/35028/s/40ecf092/sc/23/rc/3/rc.img"" border=""0""/></a><br/><br/><a href=""http://da.feedsportal.com/r/214612177454/u/0/f/647410/c/35028/s/40ecf092/sc/23/a2.htm""><img src=""http://da.feedsportal.com/r/214612177454/u/0/f/647410/c/35028/s/40ecf092/sc/23/a2.img"" border=""0""/></a><img width=""1"" height=""1"" src=""http://pi.feedsportal.com/r/214612177454/u/0/f/647410/c/35028/s/40ecf092/sc/23/a2t.img"" border=""0""/><img src=""http://feeds.feedburner.com/~r/Slashdot/slashdot/~4/wIaF0272eLk"" height=""1"" width=""1""/>"
Victorian renewable energy companies 'cut nearly one in 10 jobs' (climateark),http://news.feedzilla.com/en_us/stories/science/409132040?client_source=api&format=json,"Guardian: Melbourne’s leading renewable energy companies have cut nearly one
in 10 jobs over the past year owing to uncertainty in the sector, according to
an environment group that is calling on Victorian Labor to implement a state-
based renewables target if it wins power. A survey of 15 clean energy
businesses found that overall job numbers fell from 556 in 2013 to 507 in
2014, representing a 9% drop. Friends of the Earth, which conducted the poll,
said the job losses were due to uncertainty about...

"
Vivid Dreams Comfort the Dying (Scientific American),http://news.feedzilla.com/en_us/stories/science/409071593?client_source=api&format=json,"Memorable visions at the end of life are more than just delirium


-- Read more on ScientificAmerican.com

"
Volcanic Eruption In Japan Disrupts Flights,http://rss.slashdot.org/~r/Slashdot/slashdot/~3/Ldu8HY3mULM/story01.htm,"An anonymous reader writes: A volcano in southern Japan erupted today, sending out chunks of magma and a kilometer-high plume of ash. Flights to and from the nearby city of Kumamoto were canceled, and a Japan Airlines spokesman said more could be disrupted if the eruption continues. ""Mount Aso, whose huge caldera dominates the southwestern main island of Kyushu, rumbled into life on Tuesday. Meteorologists warned volcanic stones and ash could fall in a one-kilometer radius of the volcano. The eruption is Aso's first in 19 years and comes two months after Mount Ontake in central Nagano killed more than 60 hikers when it erupted without warning.""<p><div class=""share_submission"" style=""position:relative;""> <a class=""slashpop"" href=""http://twitter.com/home?status=Volcanic+Eruption+In+Japan+Disrupts+Flights%3A+http%3A%2F%2Fbit.ly%2F1vt4QoM""><img src=""http://a.fsdn.com/sd/twitter_icon_large.png""></a> <a class=""slashpop"" href=""http://www.facebook.com/sharer.php?u=http%3A%2F%2Fnews.slashdot.org%2Fstory%2F14%2F11%2F28%2F143200%2Fvolcanic-eruption-in-japan-disrupts-flights%3Futm_source%3Dslashdot%26utm_medium%3Dfacebook""><img src=""http://a.fsdn.com/sd/facebook_icon_large.png""></a> <a class=""nobg"" href=""http://plus.google.com/share?url=http://news.slashdot.org/story/14/11/28/143200/volcanic-eruption-in-japan-disrupts-flights?utm_source=slashdot&amp;utm_medium=googleplus"" onclick=""javascript:window.open(this.href,'', 'menubar=no,toolbar=no,resizable=yes,scrollbars=yes,height=600,width=600');return false;""><img src=""http://www.gstatic.com/images/icons/gplus-16.png"" alt=""Share on Google+""/></a> </div></p><p><a href=""http://news.slashdot.org/story/14/11/28/143200/volcanic-eruption-in-japan-disrupts-flights?utm_source=rss1.0moreanon&amp;utm_medium=feed"">Read more of this story</a> at Slashdot.</p><iframe src=""http://slashdot.org/slashdot-it.pl?op=discuss&amp;id=6220933&amp;smallembed=1"" style=""height: 300px; width: 100%; border: none;""></iframe><img width='1' height='1' src='http://slashdot.feedsportal.com/c/35028/f/647410/s/40eed671/sc/10/mf.gif' border='0'/><br clear='all'/><br/><br/><a href=""http://da.feedsportal.com/r/214612182851/u/0/f/647410/c/35028/s/40eed671/sc/10/rc/1/rc.htm"" rel=""nofollow""><img src=""http://da.feedsportal.com/r/214612182851/u/0/f/647410/c/35028/s/40eed671/sc/10/rc/1/rc.img"" border=""0""/></a><br/><a href=""http://da.feedsportal.com/r/214612182851/u/0/f/647410/c/35028/s/40eed671/sc/10/rc/2/rc.htm"" rel=""nofollow""><img src=""http://da.feedsportal.com/r/214612182851/u/0/f/647410/c/35028/s/40eed671/sc/10/rc/2/rc.img"" border=""0""/></a><br/><a href=""http://da.feedsportal.com/r/214612182851/u/0/f/647410/c/35028/s/40eed671/sc/10/rc/3/rc.htm"" rel=""nofollow""><img src=""http://da.feedsportal.com/r/214612182851/u/0/f/647410/c/35028/s/40eed671/sc/10/rc/3/rc.img"" border=""0""/></a><br/><br/><a href=""http://da.feedsportal.com/r/214612182851/u/0/f/647410/c/35028/s/40eed671/sc/10/a2.htm""><img src=""http://da.feedsportal.com/r/214612182851/u/0/f/647410/c/35028/s/40eed671/sc/10/a2.img"" border=""0""/></a><img width=""1"" height=""1"" src=""http://pi.feedsportal.com/r/214612182851/u/0/f/647410/c/35028/s/40eed671/sc/10/a2t.img"" border=""0""/><img src=""http://feeds.feedburner.com/~r/Slashdot/slashdot/~4/Ldu8HY3mULM"" height=""1"" width=""1""/>"
What Made the Bang so Big? (Discover Magazine),http://news.feedzilla.com/en_us/stories/science/409133359?client_source=api&format=json,"If the findings are verified, BICEP2 will have amassed the strongest support
yet for cosmic inflation.

"
"Without passing single law, Obama crafts bold environmental plan (ecoearth.info)",http://news.feedzilla.com/en_us/stories/science/409129516?client_source=api&format=json,"Age: President Barack Obama could leave office with the most aggressive, far-
reaching environmental legacy of any previous occupant of the White House. Yet
it is very likely that not a single major environmental law will have passed
during his two terms in Washington. Instead, Obama has turned to the vast
reach of the Clean Air Act of 1970, which some legal experts call the most
powerful environmental law in the world. Faced with a Congress that has shut
down his attempts to push through an environmental...

"
